<?xml version="1.0" encoding="UTF-8"?>
<project xmlns="http://www.netbeans.org/ns/project/1">
    <type>com.microchip.mplab.nbide.embedded.makeproject</type>
    <configuration>
        <data xmlns="http://www.netbeans.org/ns/make-project/1">
            <name>SY34</name>
            <creation-uuid>4f574a0c-55f3-4aa0-b284-a49948a56eb1</creation-uuid>
            <make-project-type>0</make-project-type>
            <c-extensions>c</c-extensions>
            <cpp-extensions/>
            <header-extensions>h</header-extensions>
            <asminc-extensions/>
            <sourceEncoding>ISO-8859-1</sourceEncoding>
            <sourceRootList>
                <sourceRootElem>../8bitswdk_pic18f46j50_24j40/firmware</sourceRootElem>
                <sourceRootElem>../../MLA/framework/miwi</sourceRootElem>
                <sourceRootElem>../../MLA/framework/driver/mrf_miwi</sourceRootElem>
            </sourceRootList>
            <confList>
                <confElem>
                    <name>pic18f46j50mrf24j40</name>
                    <type>2</type>
                </confElem>
            </confList>
            <formatting>
                <project-formatting-style>false</project-formatting-style>
            </formatting>
            <make-dep-projects/>
        </data>
    </configuration>
</project>
